{
    "boy": "EyILUYPdHS1Po9sR21ra.VtyaRXKBlIv9FuZA9ZSNcG.ahtC6V2sC5FViQRxVRQx1GoB4t8F0YG+ZrqosrWAKHw=",
    "k1": "EyK9tkqjMiAPhFnUs7X9.8QEKL+iaxesScse73YKMgq.LppsW8tLH4R7yuLGlsfymu4dHHZJ7tuxEdRI2tP+TGI=",
    "k2": "Eykl0zmuT1j6kFHjSsaa.FB+0uU1nJgva9scKdJ8jUG./sneVthCnB5/cx56k5IabIGEb45sP7+RkeFDuS+8Bz0=",
    "k3": "EyCbNxYL3pC5z6ljrwTa.8WzxxAePb3l/6rVdLHzMkG.HR8LkgHA77jspqv/DtICq/rrUgK6T7CwayL4A7h4rDY=",
    "k4": "Eywrmfjjl1ra3kSMqSB6.xY2s0lWw5KV/9t7n5OthzG.LwLjFLWSAkoh3hbX2c31XDI6pEk0JQYXIgJiDwtUFk0=",
    "k5": "EyAWgpwJuY4U6wTdkjH0.8QskOSqjxDsrVGekWPBA8a.p8vae8VF1srtzPGoGx0UX6A0BDWN3A985VS+luwpycA=",
    "k6": "EyyUov2D97huLPqctK76.bIjANooNtCCxp9rTr+s4nG.OhCDdXjyPOf3qezyBG6xxvQ3pJ9HB1p2acOV5zG73jQ=",
    "k7": "EyxGPkLTIXRBdF1RqiNe.r1TNbyURjohHtFNhS+B1VG.yEoze+4k3qVi3k0s59ehyOuxXiskKemDjs/2ScgXTvI=",
    "k8": "EyCZnrHQOT1X3eDqLNpa.Dtslrghx7AuKBPOXhcuHcG.OBrxPxxFqlX0sO/LZvlNimYgCFnmqQcexCv2LBZ9BX0=",
    "k9": "Ey3HiQ478jGYPFdnVxYc.H34Cmr1XI3r6Iq1TCdL33a.8kz4U+4gliBEAyhzbmfQzDBnQx77FDpkFeREslcNKhI=",
    "k10": "EyCjvnQSWjWeeYvVUv07.rxFoyjqlA2bjhrtD6k7p1W.FQFnQ4QEIgh5DX6UovyvenyC+i92vdDC1e43QcleK90=",
    "sw": "EyWIlNfFyzncvRPBo4c0.BFXMclM3c67IOroDiyPySa.sZTpzyq4sQqHoBSpUaZQCXnjKvvzK+Pff868H6nBkJo="
}
