{
    "AFAdmin": {},
    "AFGfoto": {},
    "AFSDadmin": false,
    "AFSDstaff": false,
    "AFSadmin": false,
    "AFSstaff": false,
    "AFStaff": {},
    "AFautojoin": true,
    "AFautoread": false,
    "AFautoscan": false,
    "AFblacklist": {},
    "AFdblacklist": false,
    "AFfoto": {},
    "AFgreet": {},
    "AFlimit": 5,
    "AFmessage": "Hallo...",
    "AFmessage1": "Creator https://line.me/R/ti/p/~mostarz",
    "AFprotcancel": {},
    "AFprotinvite": {},
    "AFprotkick": {},
    "AFprotqr": {},
    "AFreadMember": {},
    "AFreadPoint": {},
    "AFwblacklist": false,
    "Addimage": false,
    "Images": {},
    "Img": {},
    "autoAdd": true,
    "autoJoin": true,
    "autoJoinTicket": true,
    "autoLeave": true,
    "autoRead": false,
    "autoReject": false,
    "changeGroupPicture": false,
    "changePicture": false,
    "keyCommand": "",
    "namecreator": "Abi LovE Riny",
    "restartBot": {},
    "restartPoint": "c68e38d3abfe0b673a0137703fca048a1",
    "server": {},
    "userAgent": {}
}