{
    "Kickallmember": false,
    "Mentiongift": false,
    "Mentionkick": false,
    "Respontag": "╔═══════════════════════╗ ╠❂͜͡☬➣        THIS MY RESPON                ║ ╚═══════════════════════╝  ╔═══════════════════════╗       ║❂❂❂❂❂❂❂☬☬☬☬☬❂❂❂❂❂❂❂║ ╚═══════════════════════╝ ╔═══════════════════════╗ ╠❂͜͡☬➣             กคђ īกī กīђ ғ๏ҭ๏              ║ ╠❂͜͡☬➣       ұคกง รมкค กงєҭคง²...↓↓↓    ║ ╚═══════════════════════╝",
    "Talkblacklist": {},
    "Talkdblacklist": false,
    "Talkwblacklist": false,
    "Timeline": true,
    "addadmin": false,
    "addbots": false,
    "addowner": false,
    "addstaff": false,
    "admin": {},
    "autoAdd": true,
    "autoJoin": true,
    "autoJoinTicket": true,
    "autoLeave": false,
    "autoLeave1": false,
    "blacklist": {},
    "bots": {},
    "comment": "Like like & like by Abi LovE Riny",
    "contact": false,
    "dblacklist": false,
    "delladmin": false,
    "dellbot": false,
    "dellbots": false,
    "dellowner": false,
    "dellstaff": false,
    "detectMention": false,
    "invite": false,
    "leave": "!!!",
    "limit": 5,
    "mention": "!!!",
    "message": "บัญชีนี้ได้รับการป้องกันโดย\n🇹🇭 Abi LovE Riny 🇹🇭\nทางบัญชีจึงขอทำการบล็อค\nเพื่อความปลอดภัยในบัญชี 😈",
    "owner": {},
    "selfbot": true,
    "sticker": false,
    "talkban": false,
    "unsend": true,
    "wblacklist": false,
    "welcome": "!!!",
    "welcomeOn": false
}